{
  "project_info": {
    "project_number": "805286912092",
    "firebase_url": "https://medivic-c93ac.firebaseio.com",
    "project_id": "medivic-c93ac",
    "storage_bucket": "medivic-c93ac.appspot.com"
  },
  "client": [
    {
      "client_info": {
        "mobilesdk_app_id": "1:805286912092:android:a08225b857835f43ffc699",
        "android_client_info": {
          "package_name": "com.centrax.medivic"
        }
      },
      "oauth_client": [
        {
          "client_id": "805286912092-paefa7o9cc7c3kc01r972ncmd78slbq8.apps.googleusercontent.com",
          "client_type": 1,
          "android_info": {
            "package_name": "com.centrax.medivic",
            "certificate_hash": "b6b43220becb707404da912f0f2ac98acd6d0820"
          }
        },
        {
          "client_id": "805286912092-6qikmpbb7psu1pbuktuv1oncfc1n9ndl.apps.googleusercontent.com",
          "client_type": 3
        }
      ],
      "api_key": [
        {
          "current_key": "AIzaSyBPaQHH-JRcKX9OF7BTYYgTBbd4tlkCoOA"
        }
      ],
      "services": {
        "appinvite_service": {
          "other_platform_oauth_client": [
            {
              "client_id": "805286912092-6qikmpbb7psu1pbuktuv1oncfc1n9ndl.apps.googleusercontent.com",
              "client_type": 3
            }
          ]
        }
      }
    }
  ],
  "configuration_version": "1"
}